Lane,Sample_ID,Sample_Name,i7_index_ID,index,i5_index_ID,index2,Sample_Project,LibraryType,TaxonID,ScientificName,DataQCPipeline,UUID,DataAccessGroup,Sample_Plate,Sample_Well,row,column,control,number_of_cells,meta_1,meta_2
1,CUB35DAY0A1,R0882-S0001_A68701,,TAAGGCGA,,ATAGAGAG,PIP-2990,Illuminapremadelibrary,9913,Bos_taurus,,,Joint,CUB35DAY0,A1,A,1,FALSE,1,Day0,
1,CUB35DAY0A10,R0882-S0001_A68701,,CGTACTAG,,AGAGGATA,PIP-2990,Illuminapremadelibrary,9913,Bos_taurus,,,Joint,CUB35DAY0,A10,A,10,FALSE,1,Day0,
1,CUB35DAY0A12,R0882-S0001_A68701,,CGTACTAG,,TATGCAGT,PIP-2990,Illuminapremadelibrary,9913,Bos_taurus,,,Joint,CUB35DAY0,A12,A,12,FALSE,1,Day0,
1,CUB35DAY0A2,R0882-S0001_A68701,,TAAGGCGA,,AGAGGATA,PIP-2990,Illuminapremadelibrary,9913,Bos_taurus,,,Joint,CUB35DAY0,A2,A,2,FALSE,1,Day0,
1,CUB35DAY0A3,R0882-S0001_A68701,,TAAGGCGA,,CTCCTTAC,PIP-2990,Illuminapremadelibrary,9913,Bos_taurus,,,Joint,CUB35DAY0,A3,A,3,TRUE,50,Day0,
1,CUB35DAY0A4,R0882-S0001_A68701,,TAAGGCGA,,TATGCAGT,PIP-2990,Illuminapremadelibrary,9913,Bos_taurus,,,Joint,CUB35DAY0,A4,A,4,FALSE,1,Day0,
1,CUB35DAY0A5,R0882-S0001_A68701,,TAAGGCGA,,TACTCCTT,PIP-2990,Illuminapremadelibrary,9913,Bos_taurus,,,Joint,CUB35DAY0,A5,A,5,FALSE,1,Day0,
1,CUB35DAY0A6,R0882-S0001_A68701,,TAAGGCGA,,AGGCTTAG,PIP-2990,Illuminapremadelibrary,9913,Bos_taurus,,,Joint,CUB35DAY0,A6,A,6,FALSE,1,Day0,
1,CUB35DAY0A7,R0882-S0001_A68701,,TAAGGCGA,,ATTAGACG,PIP-2990,Illuminapremadelibrary,9913,Bos_taurus,,,Joint,CUB35DAY0,A7,A,7,FALSE,1,Day0,
1,CUB35DAY0A8,R0882-S0001_A68701,,TAAGGCGA,,CGGAGAGA,PIP-2990,Illuminapremadelibrary,9913,Bos_taurus,,,Joint,CUB35DAY0,A8,A,8,FALSE,1,Day0,
1,CUB35DAY0A9,R0882-S0001_A68701,,CGTACTAG,,ATAGAGAG,PIP-2990,Illuminapremadelibrary,9913,Bos_taurus,,,Joint,CUB35DAY0,A9,A,9,FALSE,1,Day0,
1,CUB35DAY0B1,R0882-S0001_A68701,,CGTACTAG,,TACTCCTT,PIP-2990,Illuminapremadelibrary,9913,Bos_taurus,,,Joint,CUB35DAY0,B1,B,1,FALSE,1,Day0,
1,CUB35DAY0B10,R0882-S0001_A68701,,AGGCAGAA,,AGGCTTAG,PIP-2990,Illuminapremadelibrary,9913,Bos_taurus,,,Joint,CUB35DAY0,B10,B,10,FALSE,1,Day0,
1,CUB35DAY0B11,R0882-S0001_A68701,,AGGCAGAA,,ATTAGACG,PIP-2990,Illuminapremadelibrary,9913,Bos_taurus,,,Joint,CUB35DAY0,B11,B,11,FALSE,1,Day0,
1,CUB35DAY0B12,R0882-S0001_A68701,,AGGCAGAA,,CGGAGAGA,PIP-2990,Illuminapremadelibrary,9913,Bos_taurus,,,Joint,CUB35DAY0,B12,B,12,FALSE,1,Day0,
1,CUB35DAY0B2,R0882-S0001_A68701,,CGTACTAG,,AGGCTTAG,PIP-2990,Illuminapremadelibrary,9913,Bos_taurus,,,Joint,CUB35DAY0,B2,B,2,FALSE,1,Day0,
1,CUB35DAY0B3,R0882-S0001_A68701,,CGTACTAG,,ATTAGACG,PIP-2990,Illuminapremadelibrary,9913,Bos_taurus,,,Joint,CUB35DAY0,B3,B,3,FALSE,1,Day0,
1,CUB35DAY0B4,R0882-S0001_A68701,,CGTACTAG,,CGGAGAGA,PIP-2990,Illuminapremadelibrary,9913,Bos_taurus,,,Joint,CUB35DAY0,B4,B,4,FALSE,1,Day0,
1,CUB35DAY0B5,R0882-S0001_A68701,,AGGCAGAA,,ATAGAGAG,PIP-2990,Illuminapremadelibrary,9913,Bos_taurus,,,Joint,CUB35DAY0,B5,B,5,FALSE,1,Day0,
1,CUB35DAY0B6,R0882-S0001_A68701,,AGGCAGAA,,AGAGGATA,PIP-2990,Illuminapremadelibrary,9913,Bos_taurus,,,Joint,CUB35DAY0,B6,B,6,FALSE,1,Day0,
1,CUB35DAY0B8,R0882-S0001_A68701,,AGGCAGAA,,TATGCAGT,PIP-2990,Illuminapremadelibrary,9913,Bos_taurus,,,Joint,CUB35DAY0,B8,B,8,FALSE,1,Day0,
1,CUB35DAY0B9,R0882-S0001_A68701,,AGGCAGAA,,TACTCCTT,PIP-2990,Illuminapremadelibrary,9913,Bos_taurus,,,Joint,CUB35DAY0,B9,B,9,FALSE,1,Day0,
1,CUB35DAY0C1,R0882-S0001_A68701,,TCCTGAGC,,ATAGAGAG,PIP-2990,Illuminapremadelibrary,9913,Bos_taurus,,,Joint,CUB35DAY0,C1,C,1,FALSE,1,Day0,
1,CUB35DAY0C10,R0882-S0001_A68701,,GGACTCCT,,AGAGGATA,PIP-2990,Illuminapremadelibrary,9913,Bos_taurus,,,Joint,CUB35DAY0,C10,C,10,FALSE,1,Day0,
1,CUB35DAY0C11,R0882-S0001_A68701,,GGACTCCT,,CTCCTTAC,PIP-2990,Illuminapremadelibrary,9913,Bos_taurus,,,Joint,CUB35DAY0,C11,C,11,FALSE,1,Day0,
1,CUB35DAY0C12,R0882-S0001_A68701,,GGACTCCT,,TATGCAGT,PIP-2990,Illuminapremadelibrary,9913,Bos_taurus,,,Joint,CUB35DAY0,C12,C,12,FALSE,1,Day0,
1,CUB35DAY0C2,R0882-S0001_A68701,,TCCTGAGC,,AGAGGATA,PIP-2990,Illuminapremadelibrary,9913,Bos_taurus,,,Joint,CUB35DAY0,C2,C,2,FALSE,1,Day0,
1,CUB35DAY0C4,R0882-S0001_A68701,,TCCTGAGC,,TATGCAGT,PIP-2990,Illuminapremadelibrary,9913,Bos_taurus,,,Joint,CUB35DAY0,C4,C,4,FALSE,1,Day0,
1,CUB35DAY0C5,R0882-S0001_A68701,,TCCTGAGC,,TACTCCTT,PIP-2990,Illuminapremadelibrary,9913,Bos_taurus,,,Joint,CUB35DAY0,C5,C,5,FALSE,1,Day0,
1,CUB35DAY0C6,R0882-S0001_A68701,,TCCTGAGC,,AGGCTTAG,PIP-2990,Illuminapremadelibrary,9913,Bos_taurus,,,Joint,CUB35DAY0,C6,C,6,FALSE,1,Day0,
1,CUB35DAY0C7,R0882-S0001_A68701,,TCCTGAGC,,ATTAGACG,PIP-2990,Illuminapremadelibrary,9913,Bos_taurus,,,Joint,CUB35DAY0,C7,C,7,FALSE,1,Day0,
1,CUB35DAY0C8,R0882-S0001_A68701,,TCCTGAGC,,CGGAGAGA,PIP-2990,Illuminapremadelibrary,9913,Bos_taurus,,,Joint,CUB35DAY0,C8,C,8,FALSE,1,Day0,
1,CUB35DAY0C9,R0882-S0001_A68701,,GGACTCCT,,ATAGAGAG,PIP-2990,Illuminapremadelibrary,9913,Bos_taurus,,,Joint,CUB35DAY0,C9,C,9,FALSE,1,Day0,
1,CUB35DAY0D1,R0882-S0001_A68701,,GGACTCCT,,TACTCCTT,PIP-2990,Illuminapremadelibrary,9913,Bos_taurus,,,Joint,CUB35DAY0,D1,D,1,FALSE,1,Day0,
1,CUB35DAY0D10,R0882-S0001_A68701,,TAGGCATG,,AGGCTTAG,PIP-2990,Illuminapremadelibrary,9913,Bos_taurus,,,Joint,CUB35DAY0,D10,D,10,FALSE,1,Day0,
1,CUB35DAY0D11,R0882-S0001_A68701,,TAGGCATG,,ATTAGACG,PIP-2990,Illuminapremadelibrary,9913,Bos_taurus,,,Joint,CUB35DAY0,D11,D,11,FALSE,1,Day0,
1,CUB35DAY0D12,R0882-S0001_A68701,,TAGGCATG,,CGGAGAGA,PIP-2990,Illuminapremadelibrary,9913,Bos_taurus,,,Joint,CUB35DAY0,D12,D,12,FALSE,1,Day0,
1,CUB35DAY0D2,R0882-S0001_A68701,,GGACTCCT,,AGGCTTAG,PIP-2990,Illuminapremadelibrary,9913,Bos_taurus,,,Joint,CUB35DAY0,D2,D,2,FALSE,1,Day0,
1,CUB35DAY0D3,R0882-S0001_A68701,,GGACTCCT,,ATTAGACG,PIP-2990,Illuminapremadelibrary,9913,Bos_taurus,,,Joint,CUB35DAY0,D3,D,3,FALSE,1,Day0,
1,CUB35DAY0D4,R0882-S0001_A68701,,GGACTCCT,,CGGAGAGA,PIP-2990,Illuminapremadelibrary,9913,Bos_taurus,,,Joint,CUB35DAY0,D4,D,4,FALSE,1,Day0,
1,CUB35DAY0D5,R0882-S0001_A68701,,TAGGCATG,,ATAGAGAG,PIP-2990,Illuminapremadelibrary,9913,Bos_taurus,,,Joint,CUB35DAY0,D5,D,5,FALSE,1,Day0,
1,CUB35DAY0D6,R0882-S0001_A68701,,TAGGCATG,,AGAGGATA,PIP-2990,Illuminapremadelibrary,9913,Bos_taurus,,,Joint,CUB35DAY0,D6,D,6,FALSE,1,Day0,
1,CUB35DAY0D7,R0882-S0001_A68701,,TAGGCATG,,CTCCTTAC,PIP-2990,Illuminapremadelibrary,9913,Bos_taurus,,,Joint,CUB35DAY0,D7,D,7,FALSE,1,Day0,
1,CUB35DAY0D8,R0882-S0001_A68701,,TAGGCATG,,TATGCAGT,PIP-2990,Illuminapremadelibrary,9913,Bos_taurus,,,Joint,CUB35DAY0,D8,D,8,FALSE,1,Day0,
1,CUB35DAY0D9,R0882-S0001_A68701,,TAGGCATG,,TACTCCTT,PIP-2990,Illuminapremadelibrary,9913,Bos_taurus,,,Joint,CUB35DAY0,D9,D,9,FALSE,1,Day0,
1,CUB35DAY0E1,R0882-S0001_A68701,,CTCTCTAC,,ATAGAGAG,PIP-2990,Illuminapremadelibrary,9913,Bos_taurus,,,Joint,CUB35DAY0,E1,E,1,FALSE,1,Day0,
1,CUB35DAY0E10,R0882-S0001_A68701,,CGAGGCTG,,AGAGGATA,PIP-2990,Illuminapremadelibrary,9913,Bos_taurus,,,Joint,CUB35DAY0,E10,E,10,FALSE,1,Day0,
1,CUB35DAY0E11,R0882-S0001_A68701,,CGAGGCTG,,CTCCTTAC,PIP-2990,Illuminapremadelibrary,9913,Bos_taurus,,,Joint,CUB35DAY0,E11,E,11,FALSE,1,Day0,
1,CUB35DAY0E12,R0882-S0001_A68701,,CGAGGCTG,,TATGCAGT,PIP-2990,Illuminapremadelibrary,9913,Bos_taurus,,,Joint,CUB35DAY0,E12,E,12,FALSE,1,Day0,
1,CUB35DAY0E2,R0882-S0001_A68701,,CTCTCTAC,,AGAGGATA,PIP-2990,Illuminapremadelibrary,9913,Bos_taurus,,,Joint,CUB35DAY0,E2,E,2,FALSE,1,Day0,
1,CUB35DAY0E3,R0882-S0001_A68701,,CTCTCTAC,,CTCCTTAC,PIP-2990,Illuminapremadelibrary,9913,Bos_taurus,,,Joint,CUB35DAY0,E3,E,3,FALSE,1,Day0,
1,CUB35DAY0E4,R0882-S0001_A68701,,CTCTCTAC,,TATGCAGT,PIP-2990,Illuminapremadelibrary,9913,Bos_taurus,,,Joint,CUB35DAY0,E4,E,4,FALSE,1,Day0,
1,CUB35DAY0E5,R0882-S0001_A68701,,CTCTCTAC,,TACTCCTT,PIP-2990,Illuminapremadelibrary,9913,Bos_taurus,,,Joint,CUB35DAY0,E5,E,5,FALSE,1,Day0,
1,CUB35DAY0E6,R0882-S0001_A68701,,CTCTCTAC,,AGGCTTAG,PIP-2990,Illuminapremadelibrary,9913,Bos_taurus,,,Joint,CUB35DAY0,E6,E,6,FALSE,1,Day0,
1,CUB35DAY0E7,R0882-S0001_A68701,,CTCTCTAC,,ATTAGACG,PIP-2990,Illuminapremadelibrary,9913,Bos_taurus,,,Joint,CUB35DAY0,E7,E,7,FALSE,1,Day0,
1,CUB35DAY0E8,R0882-S0001_A68701,,CTCTCTAC,,CGGAGAGA,PIP-2990,Illuminapremadelibrary,9913,Bos_taurus,,,Joint,CUB35DAY0,E8,E,8,FALSE,1,Day0,
1,CUB35DAY0E9,R0882-S0001_A68701,,CGAGGCTG,,ATAGAGAG,PIP-2990,Illuminapremadelibrary,9913,Bos_taurus,,,Joint,CUB35DAY0,E9,E,9,FALSE,1,Day0,
1,CUB35DAY0F1,R0882-S0001_A68701,,CGAGGCTG,,TACTCCTT,PIP-2990,Illuminapremadelibrary,9913,Bos_taurus,,,Joint,CUB35DAY0,F1,F,1,FALSE,1,Day0,
1,CUB35DAY0F10,R0882-S0001_A68701,,AAGAGGCA,,AGGCTTAG,PIP-2990,Illuminapremadelibrary,9913,Bos_taurus,,,Joint,CUB35DAY0,F10,F,10,FALSE,1,Day0,
1,CUB35DAY0F11,R0882-S0001_A68701,,AAGAGGCA,,ATTAGACG,PIP-2990,Illuminapremadelibrary,9913,Bos_taurus,,,Joint,CUB35DAY0,F11,F,11,FALSE,1,Day0,
1,CUB35DAY0F12,R0882-S0001_A68701,,AAGAGGCA,,CGGAGAGA,PIP-2990,Illuminapremadelibrary,9913,Bos_taurus,,,Joint,CUB35DAY0,F12,F,12,FALSE,1,Day0,
1,CUB35DAY0F2,R0882-S0001_A68701,,CGAGGCTG,,AGGCTTAG,PIP-2990,Illuminapremadelibrary,9913,Bos_taurus,,,Joint,CUB35DAY0,F2,F,2,FALSE,1,Day0,
1,CUB35DAY0F3,R0882-S0001_A68701,,CGAGGCTG,,ATTAGACG,PIP-2990,Illuminapremadelibrary,9913,Bos_taurus,,,Joint,CUB35DAY0,F3,F,3,FALSE,1,Day0,
1,CUB35DAY0F4,R0882-S0001_A68701,,CGAGGCTG,,CGGAGAGA,PIP-2990,Illuminapremadelibrary,9913,Bos_taurus,,,Joint,CUB35DAY0,F4,F,4,FALSE,1,Day0,
1,CUB35DAY0F5,R0882-S0001_A68701,,AAGAGGCA,,ATAGAGAG,PIP-2990,Illuminapremadelibrary,9913,Bos_taurus,,,Joint,CUB35DAY0,F5,F,5,FALSE,1,Day0,
1,CUB35DAY0F6,R0882-S0001_A68701,,AAGAGGCA,,AGAGGATA,PIP-2990,Illuminapremadelibrary,9913,Bos_taurus,,,Joint,CUB35DAY0,F6,F,6,FALSE,1,Day0,
1,CUB35DAY0F7,R0882-S0001_A68701,,AAGAGGCA,,CTCCTTAC,PIP-2990,Illuminapremadelibrary,9913,Bos_taurus,,,Joint,CUB35DAY0,F7,F,7,FALSE,1,Day0,
1,CUB35DAY0F8,R0882-S0001_A68701,,AAGAGGCA,,TATGCAGT,PIP-2990,Illuminapremadelibrary,9913,Bos_taurus,,,Joint,CUB35DAY0,F8,F,8,FALSE,1,Day0,
1,CUB35DAY0F9,R0882-S0001_A68701,,AAGAGGCA,,TACTCCTT,PIP-2990,Illuminapremadelibrary,9913,Bos_taurus,,,Joint,CUB35DAY0,F9,F,9,FALSE,1,Day0,
1,CUB35DAY0G1,R0882-S0001_A68701,,GTAGAGGA,,ATAGAGAG,PIP-2990,Illuminapremadelibrary,9913,Bos_taurus,,,Joint,CUB35DAY0,G1,G,1,FALSE,1,Day0,
1,CUB35DAY0G10,R0882-S0001_A68701,,GCTCATGA,,AGAGGATA,PIP-2990,Illuminapremadelibrary,9913,Bos_taurus,,,Joint,CUB35DAY0,G10,G,10,FALSE,1,Day0,
1,CUB35DAY0G11,R0882-S0001_A68701,,GCTCATGA,,CTCCTTAC,PIP-2990,Illuminapremadelibrary,9913,Bos_taurus,,,Joint,CUB35DAY0,G11,G,11,FALSE,1,Day0,
1,CUB35DAY0G12,R0882-S0001_A68701,,GCTCATGA,,TATGCAGT,PIP-2990,Illuminapremadelibrary,9913,Bos_taurus,,,Joint,CUB35DAY0,G12,G,12,FALSE,1,Day0,
1,CUB35DAY0G2,R0882-S0001_A68701,,GTAGAGGA,,AGAGGATA,PIP-2990,Illuminapremadelibrary,9913,Bos_taurus,,,Joint,CUB35DAY0,G2,G,2,FALSE,1,Day0,
1,CUB35DAY0G3,R0882-S0001_A68701,,GTAGAGGA,,CTCCTTAC,PIP-2990,Illuminapremadelibrary,9913,Bos_taurus,,,Joint,CUB35DAY0,G3,G,3,FALSE,1,Day0,
1,CUB35DAY0G4,R0882-S0001_A68701,,GTAGAGGA,,TATGCAGT,PIP-2990,Illuminapremadelibrary,9913,Bos_taurus,,,Joint,CUB35DAY0,G4,G,4,FALSE,1,Day0,
1,CUB35DAY0G5,R0882-S0001_A68701,,GTAGAGGA,,TACTCCTT,PIP-2990,Illuminapremadelibrary,9913,Bos_taurus,,,Joint,CUB35DAY0,G5,G,5,FALSE,1,Day0,
1,CUB35DAY0G6,R0882-S0001_A68701,,GTAGAGGA,,AGGCTTAG,PIP-2990,Illuminapremadelibrary,9913,Bos_taurus,,,Joint,CUB35DAY0,G6,G,6,FALSE,1,Day0,
1,CUB35DAY0G7,R0882-S0001_A68701,,GTAGAGGA,,ATTAGACG,PIP-2990,Illuminapremadelibrary,9913,Bos_taurus,,,Joint,CUB35DAY0,G7,G,7,FALSE,1,Day0,
1,CUB35DAY0G8,R0882-S0001_A68701,,GTAGAGGA,,CGGAGAGA,PIP-2990,Illuminapremadelibrary,9913,Bos_taurus,,,Joint,CUB35DAY0,G8,G,8,FALSE,1,Day0,
1,CUB35DAY0G9,R0882-S0001_A68701,,GCTCATGA,,ATAGAGAG,PIP-2990,Illuminapremadelibrary,9913,Bos_taurus,,,Joint,CUB35DAY0,G9,G,9,TRUE,50,Day0,
1,CUB35DAY0H1,R0882-S0001_A68701,,GCTCATGA,,TACTCCTT,PIP-2990,Illuminapremadelibrary,9913,Bos_taurus,,,Joint,CUB35DAY0,H1,H,1,FALSE,1,Day0,
1,CUB35DAY0H10,R0882-S0001_A68701,,ATCTCAGG,,AGGCTTAG,PIP-2990,Illuminapremadelibrary,9913,Bos_taurus,,,Joint,CUB35DAY0,H10,H,10,FALSE,1,Day0,
1,CUB35DAY0H11,R0882-S0001_A68701,,ATCTCAGG,,ATTAGACG,PIP-2990,Illuminapremadelibrary,9913,Bos_taurus,,,Joint,CUB35DAY0,H11,H,11,FALSE,1,Day0,
1,CUB35DAY0H12,R0882-S0001_A68701,,ATCTCAGG,,CGGAGAGA,PIP-2990,Illuminapremadelibrary,9913,Bos_taurus,,,Joint,CUB35DAY0,H12,H,12,FALSE,1,Day0,
1,CUB35DAY0H2,R0882-S0001_A68701,,GCTCATGA,,AGGCTTAG,PIP-2990,Illuminapremadelibrary,9913,Bos_taurus,,,Joint,CUB35DAY0,H2,H,2,FALSE,1,Day0,
1,CUB35DAY0H3,R0882-S0001_A68701,,GCTCATGA,,ATTAGACG,PIP-2990,Illuminapremadelibrary,9913,Bos_taurus,,,Joint,CUB35DAY0,H3,H,3,FALSE,1,Day0,
1,CUB35DAY0H4,R0882-S0001_A68701,,GCTCATGA,,CGGAGAGA,PIP-2990,Illuminapremadelibrary,9913,Bos_taurus,,,Joint,CUB35DAY0,H4,H,4,FALSE,1,Day0,
1,CUB35DAY0H5,R0882-S0001_A68701,,ATCTCAGG,,ATAGAGAG,PIP-2990,Illuminapremadelibrary,9913,Bos_taurus,,,Joint,CUB35DAY0,H5,H,5,FALSE,1,Day0,
1,CUB35DAY0H6,R0882-S0001_A68701,,ATCTCAGG,,AGAGGATA,PIP-2990,Illuminapremadelibrary,9913,Bos_taurus,,,Joint,CUB35DAY0,H6,H,6,FALSE,1,Day0,
1,CUB35DAY0H7,R0882-S0001_A68701,,ATCTCAGG,,CTCCTTAC,PIP-2990,Illuminapremadelibrary,9913,Bos_taurus,,,Joint,CUB35DAY0,H7,H,7,FALSE,1,Day0,
1,CUB35DAY0H8,R0882-S0001_A68701,,ATCTCAGG,,TATGCAGT,PIP-2990,Illuminapremadelibrary,9913,Bos_taurus,,,Joint,CUB35DAY0,H8,H,8,FALSE,1,Day0,
1,CUB35DAY0H9,R0882-S0001_A68701,,ATCTCAGG,,TACTCCTT,PIP-2990,Illuminapremadelibrary,9913,Bos_taurus,,,Joint,CUB35DAY0,H9,H,9,FALSE,1,Day0,
1,CUB35DAY7A1,R0882-S0001_A68701,,TAAGGCGA,,CTAGTCGA,PIP-2990,Illuminapremadelibrary,9913,Bos_taurus,,,Joint,CUB35DAY7,A1,A,1,FALSE,1,Day7,
1,CUB35DAY7A10,R0882-S0001_A68701,,CGTACTAG,,AGCTAGAA,PIP-2990,Illuminapremadelibrary,9913,Bos_taurus,,,Joint,CUB35DAY7,A10,A,10,FALSE,1,Day7,
1,CUB35DAY7A11,R0882-S0001_A68701,,CGTACTAG,,ACTCTAGG,PIP-2990,Illuminapremadelibrary,9913,Bos_taurus,,,Joint,CUB35DAY7,A11,A,11,FALSE,1,Day7,
1,CUB35DAY7A12,R0882-S0001_A68701,,CGTACTAG,,TCTTACGC,PIP-2990,Illuminapremadelibrary,9913,Bos_taurus,,,Joint,CUB35DAY7,A12,A,12,FALSE,1,Day7,
1,CUB35DAY7A2,R0882-S0001_A68701,,TAAGGCGA,,AGCTAGAA,PIP-2990,Illuminapremadelibrary,9913,Bos_taurus,,,Joint,CUB35DAY7,A2,A,2,FALSE,1,Day7,
1,CUB35DAY7A3,R0882-S0001_A68701,,TAAGGCGA,,ACTCTAGG,PIP-2990,Illuminapremadelibrary,9913,Bos_taurus,,,Joint,CUB35DAY7,A3,A,3,TRUE,50,Day7,
1,CUB35DAY7A4,R0882-S0001_A68701,,TAAGGCGA,,TCTTACGC,PIP-2990,Illuminapremadelibrary,9913,Bos_taurus,,,Joint,CUB35DAY7,A4,A,4,FALSE,1,Day7,
1,CUB35DAY7A5,R0882-S0001_A68701,,TAAGGCGA,,CTTAATAG,PIP-2990,Illuminapremadelibrary,9913,Bos_taurus,,,Joint,CUB35DAY7,A5,A,5,FALSE,1,Day7,
1,CUB35DAY7A6,R0882-S0001_A68701,,TAAGGCGA,,ATAGCCTT,PIP-2990,Illuminapremadelibrary,9913,Bos_taurus,,,Joint,CUB35DAY7,A6,A,6,FALSE,1,Day7,
1,CUB35DAY7A7,R0882-S0001_A68701,,TAAGGCGA,,TAAGGCTC,PIP-2990,Illuminapremadelibrary,9913,Bos_taurus,,,Joint,CUB35DAY7,A7,A,7,FALSE,1,Day7,
1,CUB35DAY7A8,R0882-S0001_A68701,,TAAGGCGA,,TCGCATAA,PIP-2990,Illuminapremadelibrary,9913,Bos_taurus,,,Joint,CUB35DAY7,A8,A,8,FALSE,1,Day7,
1,CUB35DAY7A9,R0882-S0001_A68701,,CGTACTAG,,CTAGTCGA,PIP-2990,Illuminapremadelibrary,9913,Bos_taurus,,,Joint,CUB35DAY7,A9,A,9,FALSE,1,Day7,
1,CUB35DAY7B1,R0882-S0001_A68701,,CGTACTAG,,CTTAATAG,PIP-2990,Illuminapremadelibrary,9913,Bos_taurus,,,Joint,CUB35DAY7,B1,B,1,FALSE,1,Day7,
1,CUB35DAY7B10,R0882-S0001_A68701,,AGGCAGAA,,ATAGCCTT,PIP-2990,Illuminapremadelibrary,9913,Bos_taurus,,,Joint,CUB35DAY7,B10,B,10,FALSE,1,Day7,
1,CUB35DAY7B11,R0882-S0001_A68701,,AGGCAGAA,,TAAGGCTC,PIP-2990,Illuminapremadelibrary,9913,Bos_taurus,,,Joint,CUB35DAY7,B11,B,11,FALSE,1,Day7,
1,CUB35DAY7B12,R0882-S0001_A68701,,AGGCAGAA,,TCGCATAA,PIP-2990,Illuminapremadelibrary,9913,Bos_taurus,,,Joint,CUB35DAY7,B12,B,12,FALSE,1,Day7,
1,CUB35DAY7B2,R0882-S0001_A68701,,CGTACTAG,,ATAGCCTT,PIP-2990,Illuminapremadelibrary,9913,Bos_taurus,,,Joint,CUB35DAY7,B2,B,2,FALSE,1,Day7,
1,CUB35DAY7B3,R0882-S0001_A68701,,CGTACTAG,,TAAGGCTC,PIP-2990,Illuminapremadelibrary,9913,Bos_taurus,,,Joint,CUB35DAY7,B3,B,3,FALSE,1,Day7,
1,CUB35DAY7B4,R0882-S0001_A68701,,CGTACTAG,,TCGCATAA,PIP-2990,Illuminapremadelibrary,9913,Bos_taurus,,,Joint,CUB35DAY7,B4,B,4,FALSE,1,Day7,
1,CUB35DAY7B5,R0882-S0001_A68701,,AGGCAGAA,,CTAGTCGA,PIP-2990,Illuminapremadelibrary,9913,Bos_taurus,,,Joint,CUB35DAY7,B5,B,5,FALSE,1,Day7,
1,CUB35DAY7B6,R0882-S0001_A68701,,AGGCAGAA,,AGCTAGAA,PIP-2990,Illuminapremadelibrary,9913,Bos_taurus,,,Joint,CUB35DAY7,B6,B,6,FALSE,1,Day7,
1,CUB35DAY7B7,R0882-S0001_A68701,,AGGCAGAA,,ACTCTAGG,PIP-2990,Illuminapremadelibrary,9913,Bos_taurus,,,Joint,CUB35DAY7,B7,B,7,FALSE,1,Day7,
1,CUB35DAY7B8,R0882-S0001_A68701,,AGGCAGAA,,TCTTACGC,PIP-2990,Illuminapremadelibrary,9913,Bos_taurus,,,Joint,CUB35DAY7,B8,B,8,FALSE,1,Day7,
1,CUB35DAY7B9,R0882-S0001_A68701,,AGGCAGAA,,CTTAATAG,PIP-2990,Illuminapremadelibrary,9913,Bos_taurus,,,Joint,CUB35DAY7,B9,B,9,FALSE,1,Day7,
1,CUB35DAY7C1,R0882-S0001_A68701,,TCCTGAGC,,CTAGTCGA,PIP-2990,Illuminapremadelibrary,9913,Bos_taurus,,,Joint,CUB35DAY7,C1,C,1,FALSE,1,Day7,
1,CUB35DAY7C10,R0882-S0001_A68701,,GGACTCCT,,AGCTAGAA,PIP-2990,Illuminapremadelibrary,9913,Bos_taurus,,,Joint,CUB35DAY7,C10,C,10,FALSE,1,Day7,
1,CUB35DAY7C11,R0882-S0001_A68701,,GGACTCCT,,ACTCTAGG,PIP-2990,Illuminapremadelibrary,9913,Bos_taurus,,,Joint,CUB35DAY7,C11,C,11,FALSE,1,Day7,
1,CUB35DAY7C12,R0882-S0001_A68701,,GGACTCCT,,TCTTACGC,PIP-2990,Illuminapremadelibrary,9913,Bos_taurus,,,Joint,CUB35DAY7,C12,C,12,FALSE,1,Day7,
1,CUB35DAY7C2,R0882-S0001_A68701,,TCCTGAGC,,AGCTAGAA,PIP-2990,Illuminapremadelibrary,9913,Bos_taurus,,,Joint,CUB35DAY7,C2,C,2,FALSE,1,Day7,
1,CUB35DAY7C3,R0882-S0001_A68701,,TCCTGAGC,,ACTCTAGG,PIP-2990,Illuminapremadelibrary,9913,Bos_taurus,,,Joint,CUB35DAY7,C3,C,3,FALSE,1,Day7,
1,CUB35DAY7C4,R0882-S0001_A68701,,TCCTGAGC,,TCTTACGC,PIP-2990,Illuminapremadelibrary,9913,Bos_taurus,,,Joint,CUB35DAY7,C4,C,4,FALSE,1,Day7,
1,CUB35DAY7C5,R0882-S0001_A68701,,TCCTGAGC,,CTTAATAG,PIP-2990,Illuminapremadelibrary,9913,Bos_taurus,,,Joint,CUB35DAY7,C5,C,5,FALSE,1,Day7,
1,CUB35DAY7C6,R0882-S0001_A68701,,TCCTGAGC,,ATAGCCTT,PIP-2990,Illuminapremadelibrary,9913,Bos_taurus,,,Joint,CUB35DAY7,C6,C,6,FALSE,1,Day7,
1,CUB35DAY7C7,R0882-S0001_A68701,,TCCTGAGC,,TAAGGCTC,PIP-2990,Illuminapremadelibrary,9913,Bos_taurus,,,Joint,CUB35DAY7,C7,C,7,FALSE,1,Day7,
1,CUB35DAY7C8,R0882-S0001_A68701,,TCCTGAGC,,TCGCATAA,PIP-2990,Illuminapremadelibrary,9913,Bos_taurus,,,Joint,CUB35DAY7,C8,C,8,FALSE,1,Day7,
1,CUB35DAY7C9,R0882-S0001_A68701,,GGACTCCT,,CTAGTCGA,PIP-2990,Illuminapremadelibrary,9913,Bos_taurus,,,Joint,CUB35DAY7,C9,C,9,FALSE,1,Day7,
1,CUB35DAY7D1,R0882-S0001_A68701,,GGACTCCT,,CTTAATAG,PIP-2990,Illuminapremadelibrary,9913,Bos_taurus,,,Joint,CUB35DAY7,D1,D,1,FALSE,1,Day7,
1,CUB35DAY7D10,R0882-S0001_A68701,,TAGGCATG,,ATAGCCTT,PIP-2990,Illuminapremadelibrary,9913,Bos_taurus,,,Joint,CUB35DAY7,D10,D,10,FALSE,1,Day7,
1,CUB35DAY7D11,R0882-S0001_A68701,,TAGGCATG,,TAAGGCTC,PIP-2990,Illuminapremadelibrary,9913,Bos_taurus,,,Joint,CUB35DAY7,D11,D,11,FALSE,1,Day7,
1,CUB35DAY7D12,R0882-S0001_A68701,,TAGGCATG,,TCGCATAA,PIP-2990,Illuminapremadelibrary,9913,Bos_taurus,,,Joint,CUB35DAY7,D12,D,12,FALSE,1,Day7,
1,CUB35DAY7D2,R0882-S0001_A68701,,GGACTCCT,,ATAGCCTT,PIP-2990,Illuminapremadelibrary,9913,Bos_taurus,,,Joint,CUB35DAY7,D2,D,2,FALSE,1,Day7,
1,CUB35DAY7D3,R0882-S0001_A68701,,GGACTCCT,,TAAGGCTC,PIP-2990,Illuminapremadelibrary,9913,Bos_taurus,,,Joint,CUB35DAY7,D3,D,3,FALSE,1,Day7,
1,CUB35DAY7D4,R0882-S0001_A68701,,GGACTCCT,,TCGCATAA,PIP-2990,Illuminapremadelibrary,9913,Bos_taurus,,,Joint,CUB35DAY7,D4,D,4,FALSE,1,Day7,
1,CUB35DAY7D5,R0882-S0001_A68701,,TAGGCATG,,CTAGTCGA,PIP-2990,Illuminapremadelibrary,9913,Bos_taurus,,,Joint,CUB35DAY7,D5,D,5,FALSE,1,Day7,
1,CUB35DAY7D6,R0882-S0001_A68701,,TAGGCATG,,AGCTAGAA,PIP-2990,Illuminapremadelibrary,9913,Bos_taurus,,,Joint,CUB35DAY7,D6,D,6,FALSE,1,Day7,
1,CUB35DAY7D7,R0882-S0001_A68701,,TAGGCATG,,ACTCTAGG,PIP-2990,Illuminapremadelibrary,9913,Bos_taurus,,,Joint,CUB35DAY7,D7,D,7,FALSE,1,Day7,
1,CUB35DAY7D8,R0882-S0001_A68701,,TAGGCATG,,TCTTACGC,PIP-2990,Illuminapremadelibrary,9913,Bos_taurus,,,Joint,CUB35DAY7,D8,D,8,FALSE,1,Day7,
1,CUB35DAY7D9,R0882-S0001_A68701,,TAGGCATG,,CTTAATAG,PIP-2990,Illuminapremadelibrary,9913,Bos_taurus,,,Joint,CUB35DAY7,D9,D,9,FALSE,1,Day7,
1,CUB35DAY7E1,R0882-S0001_A68701,,CTCTCTAC,,CTAGTCGA,PIP-2990,Illuminapremadelibrary,9913,Bos_taurus,,,Joint,CUB35DAY7,E1,E,1,FALSE,1,Day7,
1,CUB35DAY7E10,R0882-S0001_A68701,,CGAGGCTG,,AGCTAGAA,PIP-2990,Illuminapremadelibrary,9913,Bos_taurus,,,Joint,CUB35DAY7,E10,E,10,FALSE,1,Day7,
1,CUB35DAY7E11,R0882-S0001_A68701,,CGAGGCTG,,ACTCTAGG,PIP-2990,Illuminapremadelibrary,9913,Bos_taurus,,,Joint,CUB35DAY7,E11,E,11,FALSE,1,Day7,
1,CUB35DAY7E12,R0882-S0001_A68701,,CGAGGCTG,,TCTTACGC,PIP-2990,Illuminapremadelibrary,9913,Bos_taurus,,,Joint,CUB35DAY7,E12,E,12,FALSE,1,Day7,
1,CUB35DAY7E2,R0882-S0001_A68701,,CTCTCTAC,,AGCTAGAA,PIP-2990,Illuminapremadelibrary,9913,Bos_taurus,,,Joint,CUB35DAY7,E2,E,2,FALSE,1,Day7,
1,CUB35DAY7E3,R0882-S0001_A68701,,CTCTCTAC,,ACTCTAGG,PIP-2990,Illuminapremadelibrary,9913,Bos_taurus,,,Joint,CUB35DAY7,E3,E,3,FALSE,1,Day7,
1,CUB35DAY7E4,R0882-S0001_A68701,,CTCTCTAC,,TCTTACGC,PIP-2990,Illuminapremadelibrary,9913,Bos_taurus,,,Joint,CUB35DAY7,E4,E,4,FALSE,1,Day7,
1,CUB35DAY7E5,R0882-S0001_A68701,,CTCTCTAC,,CTTAATAG,PIP-2990,Illuminapremadelibrary,9913,Bos_taurus,,,Joint,CUB35DAY7,E5,E,5,FALSE,1,Day7,
1,CUB35DAY7E6,R0882-S0001_A68701,,CTCTCTAC,,ATAGCCTT,PIP-2990,Illuminapremadelibrary,9913,Bos_taurus,,,Joint,CUB35DAY7,E6,E,6,FALSE,1,Day7,
1,CUB35DAY7E7,R0882-S0001_A68701,,CTCTCTAC,,TAAGGCTC,PIP-2990,Illuminapremadelibrary,9913,Bos_taurus,,,Joint,CUB35DAY7,E7,E,7,FALSE,1,Day7,
1,CUB35DAY7E8,R0882-S0001_A68701,,CTCTCTAC,,TCGCATAA,PIP-2990,Illuminapremadelibrary,9913,Bos_taurus,,,Joint,CUB35DAY7,E8,E,8,FALSE,1,Day7,
1,CUB35DAY7E9,R0882-S0001_A68701,,CGAGGCTG,,CTAGTCGA,PIP-2990,Illuminapremadelibrary,9913,Bos_taurus,,,Joint,CUB35DAY7,E9,E,9,FALSE,1,Day7,
1,CUB35DAY7F1,R0882-S0001_A68701,,CGAGGCTG,,CTTAATAG,PIP-2990,Illuminapremadelibrary,9913,Bos_taurus,,,Joint,CUB35DAY7,F1,F,1,FALSE,1,Day7,
1,CUB35DAY7F10,R0882-S0001_A68701,,AAGAGGCA,,ATAGCCTT,PIP-2990,Illuminapremadelibrary,9913,Bos_taurus,,,Joint,CUB35DAY7,F10,F,10,FALSE,1,Day7,
1,CUB35DAY7F11,R0882-S0001_A68701,,AAGAGGCA,,TAAGGCTC,PIP-2990,Illuminapremadelibrary,9913,Bos_taurus,,,Joint,CUB35DAY7,F11,F,11,FALSE,1,Day7,
1,CUB35DAY7F12,R0882-S0001_A68701,,AAGAGGCA,,TCGCATAA,PIP-2990,Illuminapremadelibrary,9913,Bos_taurus,,,Joint,CUB35DAY7,F12,F,12,FALSE,1,Day7,
1,CUB35DAY7F2,R0882-S0001_A68701,,CGAGGCTG,,ATAGCCTT,PIP-2990,Illuminapremadelibrary,9913,Bos_taurus,,,Joint,CUB35DAY7,F2,F,2,FALSE,1,Day7,
1,CUB35DAY7F3,R0882-S0001_A68701,,CGAGGCTG,,TAAGGCTC,PIP-2990,Illuminapremadelibrary,9913,Bos_taurus,,,Joint,CUB35DAY7,F3,F,3,FALSE,1,Day7,
1,CUB35DAY7F4,R0882-S0001_A68701,,CGAGGCTG,,TCGCATAA,PIP-2990,Illuminapremadelibrary,9913,Bos_taurus,,,Joint,CUB35DAY7,F4,F,4,FALSE,1,Day7,
1,CUB35DAY7F5,R0882-S0001_A68701,,AAGAGGCA,,CTAGTCGA,PIP-2990,Illuminapremadelibrary,9913,Bos_taurus,,,Joint,CUB35DAY7,F5,F,5,FALSE,1,Day7,
1,CUB35DAY7F6,R0882-S0001_A68701,,AAGAGGCA,,AGCTAGAA,PIP-2990,Illuminapremadelibrary,9913,Bos_taurus,,,Joint,CUB35DAY7,F6,F,6,FALSE,1,Day7,
1,CUB35DAY7F7,R0882-S0001_A68701,,AAGAGGCA,,ACTCTAGG,PIP-2990,Illuminapremadelibrary,9913,Bos_taurus,,,Joint,CUB35DAY7,F7,F,7,FALSE,1,Day7,
1,CUB35DAY7F8,R0882-S0001_A68701,,AAGAGGCA,,TCTTACGC,PIP-2990,Illuminapremadelibrary,9913,Bos_taurus,,,Joint,CUB35DAY7,F8,F,8,FALSE,1,Day7,
1,CUB35DAY7F9,R0882-S0001_A68701,,AAGAGGCA,,CTTAATAG,PIP-2990,Illuminapremadelibrary,9913,Bos_taurus,,,Joint,CUB35DAY7,F9,F,9,FALSE,1,Day7,
1,CUB35DAY7G1,R0882-S0001_A68701,,GTAGAGGA,,CTAGTCGA,PIP-2990,Illuminapremadelibrary,9913,Bos_taurus,,,Joint,CUB35DAY7,G1,G,1,FALSE,1,Day7,
1,CUB35DAY7G10,R0882-S0001_A68701,,GCTCATGA,,AGCTAGAA,PIP-2990,Illuminapremadelibrary,9913,Bos_taurus,,,Joint,CUB35DAY7,G10,G,10,FALSE,1,Day7,
1,CUB35DAY7G11,R0882-S0001_A68701,,GCTCATGA,,ACTCTAGG,PIP-2990,Illuminapremadelibrary,9913,Bos_taurus,,,Joint,CUB35DAY7,G11,G,11,FALSE,1,Day7,
1,CUB35DAY7G12,R0882-S0001_A68701,,GCTCATGA,,TCTTACGC,PIP-2990,Illuminapremadelibrary,9913,Bos_taurus,,,Joint,CUB35DAY7,G12,G,12,FALSE,1,Day7,
1,CUB35DAY7G2,R0882-S0001_A68701,,GTAGAGGA,,AGCTAGAA,PIP-2990,Illuminapremadelibrary,9913,Bos_taurus,,,Joint,CUB35DAY7,G2,G,2,FALSE,1,Day7,
1,CUB35DAY7G3,R0882-S0001_A68701,,GTAGAGGA,,ACTCTAGG,PIP-2990,Illuminapremadelibrary,9913,Bos_taurus,,,Joint,CUB35DAY7,G3,G,3,FALSE,1,Day7,
1,CUB35DAY7G4,R0882-S0001_A68701,,GTAGAGGA,,TCTTACGC,PIP-2990,Illuminapremadelibrary,9913,Bos_taurus,,,Joint,CUB35DAY7,G4,G,4,FALSE,1,Day7,
1,CUB35DAY7G5,R0882-S0001_A68701,,GTAGAGGA,,CTTAATAG,PIP-2990,Illuminapremadelibrary,9913,Bos_taurus,,,Joint,CUB35DAY7,G5,G,5,FALSE,1,Day7,
1,CUB35DAY7G6,R0882-S0001_A68701,,GTAGAGGA,,ATAGCCTT,PIP-2990,Illuminapremadelibrary,9913,Bos_taurus,,,Joint,CUB35DAY7,G6,G,6,FALSE,1,Day7,
1,CUB35DAY7G7,R0882-S0001_A68701,,GTAGAGGA,,TAAGGCTC,PIP-2990,Illuminapremadelibrary,9913,Bos_taurus,,,Joint,CUB35DAY7,G7,G,7,FALSE,1,Day7,
1,CUB35DAY7G8,R0882-S0001_A68701,,GTAGAGGA,,TCGCATAA,PIP-2990,Illuminapremadelibrary,9913,Bos_taurus,,,Joint,CUB35DAY7,G8,G,8,FALSE,1,Day7,
1,CUB35DAY7G9,R0882-S0001_A68701,,GCTCATGA,,CTAGTCGA,PIP-2990,Illuminapremadelibrary,9913,Bos_taurus,,,Joint,CUB35DAY7,G9,G,9,TRUE,50,Day7,
1,CUB35DAY7H1,R0882-S0001_A68701,,GCTCATGA,,CTTAATAG,PIP-2990,Illuminapremadelibrary,9913,Bos_taurus,,,Joint,CUB35DAY7,H1,H,1,FALSE,1,Day7,
1,CUB35DAY7H10,R0882-S0001_A68701,,ATCTCAGG,,ATAGCCTT,PIP-2990,Illuminapremadelibrary,9913,Bos_taurus,,,Joint,CUB35DAY7,H10,H,10,FALSE,1,Day7,
1,CUB35DAY7H11,R0882-S0001_A68701,,ATCTCAGG,,TAAGGCTC,PIP-2990,Illuminapremadelibrary,9913,Bos_taurus,,,Joint,CUB35DAY7,H11,H,11,FALSE,1,Day7,
1,CUB35DAY7H12,R0882-S0001_A68701,,ATCTCAGG,,TCGCATAA,PIP-2990,Illuminapremadelibrary,9913,Bos_taurus,,,Joint,CUB35DAY7,H12,H,12,FALSE,1,Day7,
1,CUB35DAY7H2,R0882-S0001_A68701,,GCTCATGA,,ATAGCCTT,PIP-2990,Illuminapremadelibrary,9913,Bos_taurus,,,Joint,CUB35DAY7,H2,H,2,FALSE,1,Day7,
1,CUB35DAY7H3,R0882-S0001_A68701,,GCTCATGA,,TAAGGCTC,PIP-2990,Illuminapremadelibrary,9913,Bos_taurus,,,Joint,CUB35DAY7,H3,H,3,FALSE,1,Day7,
1,CUB35DAY7H4,R0882-S0001_A68701,,GCTCATGA,,TCGCATAA,PIP-2990,Illuminapremadelibrary,9913,Bos_taurus,,,Joint,CUB35DAY7,H4,H,4,FALSE,1,Day7,
1,CUB35DAY7H5,R0882-S0001_A68701,,ATCTCAGG,,CTAGTCGA,PIP-2990,Illuminapremadelibrary,9913,Bos_taurus,,,Joint,CUB35DAY7,H5,H,5,FALSE,1,Day7,
1,CUB35DAY7H6,R0882-S0001_A68701,,ATCTCAGG,,AGCTAGAA,PIP-2990,Illuminapremadelibrary,9913,Bos_taurus,,,Joint,CUB35DAY7,H6,H,6,FALSE,1,Day7,
1,CUB35DAY7H7,R0882-S0001_A68701,,ATCTCAGG,,ACTCTAGG,PIP-2990,Illuminapremadelibrary,9913,Bos_taurus,,,Joint,CUB35DAY7,H7,H,7,FALSE,1,Day7,
1,CUB35DAY7H8,R0882-S0001_A68701,,ATCTCAGG,,TCTTACGC,PIP-2990,Illuminapremadelibrary,9913,Bos_taurus,,,Joint,CUB35DAY7,H8,H,8,FALSE,1,Day7,
1,CUB35DAY7H9,R0882-S0001_A68701,,ATCTCAGG,,CTTAATAG,PIP-2990,Illuminapremadelibrary,9913,Bos_taurus,,,Joint,CUB35DAY7,H9,H,9,FALSE,1,Day7,
1,CUB37DAY0A1,R0882-S0001_A68701,,ACTCGCTA,,ATAGAGAG,PIP-2990,Illuminapremadelibrary,9913,Bos_taurus,,,Joint,CUB37DAY0,A1,A,1,FALSE,1,Day0,
1,CUB37DAY0A10,R0882-S0001_A68701,,GGAGCTAC,,AGAGGATA,PIP-2990,Illuminapremadelibrary,9913,Bos_taurus,,,Joint,CUB37DAY0,A10,A,10,FALSE,1,Day0,
1,CUB37DAY0A11,R0882-S0001_A68701,,GGAGCTAC,,CTCCTTAC,PIP-2990,Illuminapremadelibrary,9913,Bos_taurus,,,Joint,CUB37DAY0,A11,A,11,FALSE,1,Day0,
1,CUB37DAY0A12,R0882-S0001_A68701,,GGAGCTAC,,TATGCAGT,PIP-2990,Illuminapremadelibrary,9913,Bos_taurus,,,Joint,CUB37DAY0,A12,A,12,FALSE,1,Day0,
1,CUB37DAY0A2,R0882-S0001_A68701,,ACTCGCTA,,AGAGGATA,PIP-2990,Illuminapremadelibrary,9913,Bos_taurus,,,Joint,CUB37DAY0,A2,A,2,FALSE,1,Day0,
1,CUB37DAY0A3,R0882-S0001_A68701,,ACTCGCTA,,CTCCTTAC,PIP-2990,Illuminapremadelibrary,9913,Bos_taurus,,,Joint,CUB37DAY0,A3,A,3,TRUE,50,Day0,
1,CUB37DAY0A4,R0882-S0001_A68701,,ACTCGCTA,,TATGCAGT,PIP-2990,Illuminapremadelibrary,9913,Bos_taurus,,,Joint,CUB37DAY0,A4,A,4,FALSE,1,Day0,
1,CUB37DAY0A5,R0882-S0001_A68701,,ACTCGCTA,,TACTCCTT,PIP-2990,Illuminapremadelibrary,9913,Bos_taurus,,,Joint,CUB37DAY0,A5,A,5,FALSE,1,Day0,
1,CUB37DAY0A6,R0882-S0001_A68701,,ACTCGCTA,,AGGCTTAG,PIP-2990,Illuminapremadelibrary,9913,Bos_taurus,,,Joint,CUB37DAY0,A6,A,6,FALSE,1,Day0,
1,CUB37DAY0A7,R0882-S0001_A68701,,ACTCGCTA,,ATTAGACG,PIP-2990,Illuminapremadelibrary,9913,Bos_taurus,,,Joint,CUB37DAY0,A7,A,7,FALSE,1,Day0,
1,CUB37DAY0A8,R0882-S0001_A68701,,ACTCGCTA,,CGGAGAGA,PIP-2990,Illuminapremadelibrary,9913,Bos_taurus,,,Joint,CUB37DAY0,A8,A,8,FALSE,1,Day0,
1,CUB37DAY0A9,R0882-S0001_A68701,,GGAGCTAC,,ATAGAGAG,PIP-2990,Illuminapremadelibrary,9913,Bos_taurus,,,Joint,CUB37DAY0,A9,A,9,FALSE,1,Day0,
1,CUB37DAY0B1,R0882-S0001_A68701,,GGAGCTAC,,TACTCCTT,PIP-2990,Illuminapremadelibrary,9913,Bos_taurus,,,Joint,CUB37DAY0,B1,B,1,FALSE,1,Day0,
1,CUB37DAY0B10,R0882-S0001_A68701,,GCGTAGTA,,AGGCTTAG,PIP-2990,Illuminapremadelibrary,9913,Bos_taurus,,,Joint,CUB37DAY0,B10,B,10,FALSE,1,Day0,
1,CUB37DAY0B11,R0882-S0001_A68701,,GCGTAGTA,,ATTAGACG,PIP-2990,Illuminapremadelibrary,9913,Bos_taurus,,,Joint,CUB37DAY0,B11,B,11,FALSE,1,Day0,
1,CUB37DAY0B12,R0882-S0001_A68701,,GCGTAGTA,,CGGAGAGA,PIP-2990,Illuminapremadelibrary,9913,Bos_taurus,,,Joint,CUB37DAY0,B12,B,12,FALSE,1,Day0,
1,CUB37DAY0B2,R0882-S0001_A68701,,GGAGCTAC,,AGGCTTAG,PIP-2990,Illuminapremadelibrary,9913,Bos_taurus,,,Joint,CUB37DAY0,B2,B,2,FALSE,1,Day0,
1,CUB37DAY0B3,R0882-S0001_A68701,,GGAGCTAC,,ATTAGACG,PIP-2990,Illuminapremadelibrary,9913,Bos_taurus,,,Joint,CUB37DAY0,B3,B,3,FALSE,1,Day0,
1,CUB37DAY0B4,R0882-S0001_A68701,,GGAGCTAC,,CGGAGAGA,PIP-2990,Illuminapremadelibrary,9913,Bos_taurus,,,Joint,CUB37DAY0,B4,B,4,FALSE,1,Day0,
1,CUB37DAY0B5,R0882-S0001_A68701,,GCGTAGTA,,ATAGAGAG,PIP-2990,Illuminapremadelibrary,9913,Bos_taurus,,,Joint,CUB37DAY0,B5,B,5,FALSE,1,Day0,
1,CUB37DAY0B6,R0882-S0001_A68701,,GCGTAGTA,,AGAGGATA,PIP-2990,Illuminapremadelibrary,9913,Bos_taurus,,,Joint,CUB37DAY0,B6,B,6,FALSE,1,Day0,
1,CUB37DAY0B7,R0882-S0001_A68701,,GCGTAGTA,,CTCCTTAC,PIP-2990,Illuminapremadelibrary,9913,Bos_taurus,,,Joint,CUB37DAY0,B7,B,7,FALSE,1,Day0,
1,CUB37DAY0B8,R0882-S0001_A68701,,GCGTAGTA,,TATGCAGT,PIP-2990,Illuminapremadelibrary,9913,Bos_taurus,,,Joint,CUB37DAY0,B8,B,8,FALSE,1,Day0,
1,CUB37DAY0B9,R0882-S0001_A68701,,GCGTAGTA,,TACTCCTT,PIP-2990,Illuminapremadelibrary,9913,Bos_taurus,,,Joint,CUB37DAY0,B9,B,9,FALSE,1,Day0,
1,CUB37DAY0C1,R0882-S0001_A68701,,CGGAGCCT,,ATAGAGAG,PIP-2990,Illuminapremadelibrary,9913,Bos_taurus,,,Joint,CUB37DAY0,C1,C,1,FALSE,1,Day0,
1,CUB37DAY0C10,R0882-S0001_A68701,,TACGCTGC,,AGAGGATA,PIP-2990,Illuminapremadelibrary,9913,Bos_taurus,,,Joint,CUB37DAY0,C10,C,10,FALSE,1,Day0,
1,CUB37DAY0C11,R0882-S0001_A68701,,TACGCTGC,,CTCCTTAC,PIP-2990,Illuminapremadelibrary,9913,Bos_taurus,,,Joint,CUB37DAY0,C11,C,11,FALSE,1,Day0,
1,CUB37DAY0C12,R0882-S0001_A68701,,TACGCTGC,,TATGCAGT,PIP-2990,Illuminapremadelibrary,9913,Bos_taurus,,,Joint,CUB37DAY0,C12,C,12,FALSE,1,Day0,
1,CUB37DAY0C2,R0882-S0001_A68701,,CGGAGCCT,,AGAGGATA,PIP-2990,Illuminapremadelibrary,9913,Bos_taurus,,,Joint,CUB37DAY0,C2,C,2,FALSE,1,Day0,
1,CUB37DAY0C3,R0882-S0001_A68701,,CGGAGCCT,,CTCCTTAC,PIP-2990,Illuminapremadelibrary,9913,Bos_taurus,,,Joint,CUB37DAY0,C3,C,3,FALSE,1,Day0,
1,CUB37DAY0C4,R0882-S0001_A68701,,CGGAGCCT,,TATGCAGT,PIP-2990,Illuminapremadelibrary,9913,Bos_taurus,,,Joint,CUB37DAY0,C4,C,4,FALSE,1,Day0,
1,CUB37DAY0C5,R0882-S0001_A68701,,CGGAGCCT,,TACTCCTT,PIP-2990,Illuminapremadelibrary,9913,Bos_taurus,,,Joint,CUB37DAY0,C5,C,5,FALSE,1,Day0,
1,CUB37DAY0C6,R0882-S0001_A68701,,CGGAGCCT,,AGGCTTAG,PIP-2990,Illuminapremadelibrary,9913,Bos_taurus,,,Joint,CUB37DAY0,C6,C,6,FALSE,1,Day0,
1,CUB37DAY0C7,R0882-S0001_A68701,,CGGAGCCT,,ATTAGACG,PIP-2990,Illuminapremadelibrary,9913,Bos_taurus,,,Joint,CUB37DAY0,C7,C,7,FALSE,1,Day0,
1,CUB37DAY0C8,R0882-S0001_A68701,,CGGAGCCT,,CGGAGAGA,PIP-2990,Illuminapremadelibrary,9913,Bos_taurus,,,Joint,CUB37DAY0,C8,C,8,FALSE,1,Day0,
1,CUB37DAY0C9,R0882-S0001_A68701,,TACGCTGC,,ATAGAGAG,PIP-2990,Illuminapremadelibrary,9913,Bos_taurus,,,Joint,CUB37DAY0,C9,C,9,FALSE,1,Day0,
1,CUB37DAY0D1,R0882-S0001_A68701,,TACGCTGC,,TACTCCTT,PIP-2990,Illuminapremadelibrary,9913,Bos_taurus,,,Joint,CUB37DAY0,D1,D,1,FALSE,1,Day0,
1,CUB37DAY0D10,R0882-S0001_A68701,,ATGCGCAG,,AGGCTTAG,PIP-2990,Illuminapremadelibrary,9913,Bos_taurus,,,Joint,CUB37DAY0,D10,D,10,FALSE,1,Day0,
1,CUB37DAY0D11,R0882-S0001_A68701,,ATGCGCAG,,ATTAGACG,PIP-2990,Illuminapremadelibrary,9913,Bos_taurus,,,Joint,CUB37DAY0,D11,D,11,FALSE,1,Day0,
1,CUB37DAY0D12,R0882-S0001_A68701,,ATGCGCAG,,CGGAGAGA,PIP-2990,Illuminapremadelibrary,9913,Bos_taurus,,,Joint,CUB37DAY0,D12,D,12,FALSE,1,Day0,
1,CUB37DAY0D2,R0882-S0001_A68701,,TACGCTGC,,AGGCTTAG,PIP-2990,Illuminapremadelibrary,9913,Bos_taurus,,,Joint,CUB37DAY0,D2,D,2,FALSE,1,Day0,
1,CUB37DAY0D3,R0882-S0001_A68701,,TACGCTGC,,ATTAGACG,PIP-2990,Illuminapremadelibrary,9913,Bos_taurus,,,Joint,CUB37DAY0,D3,D,3,FALSE,1,Day0,
1,CUB37DAY0D4,R0882-S0001_A68701,,TACGCTGC,,CGGAGAGA,PIP-2990,Illuminapremadelibrary,9913,Bos_taurus,,,Joint,CUB37DAY0,D4,D,4,FALSE,1,Day0,
1,CUB37DAY0D5,R0882-S0001_A68701,,ATGCGCAG,,ATAGAGAG,PIP-2990,Illuminapremadelibrary,9913,Bos_taurus,,,Joint,CUB37DAY0,D5,D,5,FALSE,1,Day0,
1,CUB37DAY0D6,R0882-S0001_A68701,,ATGCGCAG,,AGAGGATA,PIP-2990,Illuminapremadelibrary,9913,Bos_taurus,,,Joint,CUB37DAY0,D6,D,6,FALSE,1,Day0,
1,CUB37DAY0D7,R0882-S0001_A68701,,ATGCGCAG,,CTCCTTAC,PIP-2990,Illuminapremadelibrary,9913,Bos_taurus,,,Joint,CUB37DAY0,D7,D,7,FALSE,1,Day0,
1,CUB37DAY0D8,R0882-S0001_A68701,,ATGCGCAG,,TATGCAGT,PIP-2990,Illuminapremadelibrary,9913,Bos_taurus,,,Joint,CUB37DAY0,D8,D,8,FALSE,1,Day0,
1,CUB37DAY0D9,R0882-S0001_A68701,,ATGCGCAG,,TACTCCTT,PIP-2990,Illuminapremadelibrary,9913,Bos_taurus,,,Joint,CUB37DAY0,D9,D,9,FALSE,1,Day0,
1,CUB37DAY0E1,R0882-S0001_A68701,,TAGCGCTC,,ATAGAGAG,PIP-2990,Illuminapremadelibrary,9913,Bos_taurus,,,Joint,CUB37DAY0,E1,E,1,FALSE,1,Day0,
1,CUB37DAY0E10,R0882-S0001_A68701,,ACTGAGCG,,AGAGGATA,PIP-2990,Illuminapremadelibrary,9913,Bos_taurus,,,Joint,CUB37DAY0,E10,E,10,FALSE,1,Day0,
1,CUB37DAY0E11,R0882-S0001_A68701,,ACTGAGCG,,CTCCTTAC,PIP-2990,Illuminapremadelibrary,9913,Bos_taurus,,,Joint,CUB37DAY0,E11,E,11,FALSE,1,Day0,
1,CUB37DAY0E12,R0882-S0001_A68701,,ACTGAGCG,,TATGCAGT,PIP-2990,Illuminapremadelibrary,9913,Bos_taurus,,,Joint,CUB37DAY0,E12,E,12,FALSE,1,Day0,
1,CUB37DAY0E2,R0882-S0001_A68701,,TAGCGCTC,,AGAGGATA,PIP-2990,Illuminapremadelibrary,9913,Bos_taurus,,,Joint,CUB37DAY0,E2,E,2,FALSE,1,Day0,
1,CUB37DAY0E3,R0882-S0001_A68701,,TAGCGCTC,,CTCCTTAC,PIP-2990,Illuminapremadelibrary,9913,Bos_taurus,,,Joint,CUB37DAY0,E3,E,3,FALSE,1,Day0,
1,CUB37DAY0E4,R0882-S0001_A68701,,TAGCGCTC,,TATGCAGT,PIP-2990,Illuminapremadelibrary,9913,Bos_taurus,,,Joint,CUB37DAY0,E4,E,4,FALSE,1,Day0,
1,CUB37DAY0E5,R0882-S0001_A68701,,TAGCGCTC,,TACTCCTT,PIP-2990,Illuminapremadelibrary,9913,Bos_taurus,,,Joint,CUB37DAY0,E5,E,5,FALSE,1,Day0,
1,CUB37DAY0E6,R0882-S0001_A68701,,TAGCGCTC,,AGGCTTAG,PIP-2990,Illuminapremadelibrary,9913,Bos_taurus,,,Joint,CUB37DAY0,E6,E,6,FALSE,1,Day0,
1,CUB37DAY0E7,R0882-S0001_A68701,,TAGCGCTC,,ATTAGACG,PIP-2990,Illuminapremadelibrary,9913,Bos_taurus,,,Joint,CUB37DAY0,E7,E,7,FALSE,1,Day0,
1,CUB37DAY0E8,R0882-S0001_A68701,,TAGCGCTC,,CGGAGAGA,PIP-2990,Illuminapremadelibrary,9913,Bos_taurus,,,Joint,CUB37DAY0,E8,E,8,FALSE,1,Day0,
1,CUB37DAY0E9,R0882-S0001_A68701,,ACTGAGCG,,ATAGAGAG,PIP-2990,Illuminapremadelibrary,9913,Bos_taurus,,,Joint,CUB37DAY0,E9,E,9,FALSE,1,Day0,
1,CUB37DAY0F1,R0882-S0001_A68701,,ACTGAGCG,,TACTCCTT,PIP-2990,Illuminapremadelibrary,9913,Bos_taurus,,,Joint,CUB37DAY0,F1,F,1,FALSE,1,Day0,
1,CUB37DAY0F10,R0882-S0001_A68701,,CCTAAGAC,,AGGCTTAG,PIP-2990,Illuminapremadelibrary,9913,Bos_taurus,,,Joint,CUB37DAY0,F10,F,10,FALSE,1,Day0,
1,CUB37DAY0F11,R0882-S0001_A68701,,CCTAAGAC,,ATTAGACG,PIP-2990,Illuminapremadelibrary,9913,Bos_taurus,,,Joint,CUB37DAY0,F11,F,11,FALSE,1,Day0,
1,CUB37DAY0F12,R0882-S0001_A68701,,CCTAAGAC,,CGGAGAGA,PIP-2990,Illuminapremadelibrary,9913,Bos_taurus,,,Joint,CUB37DAY0,F12,F,12,FALSE,1,Day0,
1,CUB37DAY0F2,R0882-S0001_A68701,,ACTGAGCG,,AGGCTTAG,PIP-2990,Illuminapremadelibrary,9913,Bos_taurus,,,Joint,CUB37DAY0,F2,F,2,FALSE,1,Day0,
1,CUB37DAY0F3,R0882-S0001_A68701,,ACTGAGCG,,ATTAGACG,PIP-2990,Illuminapremadelibrary,9913,Bos_taurus,,,Joint,CUB37DAY0,F3,F,3,FALSE,1,Day0,
1,CUB37DAY0F4,R0882-S0001_A68701,,ACTGAGCG,,CGGAGAGA,PIP-2990,Illuminapremadelibrary,9913,Bos_taurus,,,Joint,CUB37DAY0,F4,F,4,FALSE,1,Day0,
1,CUB37DAY0F5,R0882-S0001_A68701,,CCTAAGAC,,ATAGAGAG,PIP-2990,Illuminapremadelibrary,9913,Bos_taurus,,,Joint,CUB37DAY0,F5,F,5,FALSE,1,Day0,
1,CUB37DAY0F6,R0882-S0001_A68701,,CCTAAGAC,,AGAGGATA,PIP-2990,Illuminapremadelibrary,9913,Bos_taurus,,,Joint,CUB37DAY0,F6,F,6,FALSE,1,Day0,
1,CUB37DAY0F7,R0882-S0001_A68701,,CCTAAGAC,,CTCCTTAC,PIP-2990,Illuminapremadelibrary,9913,Bos_taurus,,,Joint,CUB37DAY0,F7,F,7,FALSE,1,Day0,
1,CUB37DAY0F8,R0882-S0001_A68701,,CCTAAGAC,,TATGCAGT,PIP-2990,Illuminapremadelibrary,9913,Bos_taurus,,,Joint,CUB37DAY0,F8,F,8,FALSE,1,Day0,
1,CUB37DAY0F9,R0882-S0001_A68701,,CCTAAGAC,,TACTCCTT,PIP-2990,Illuminapremadelibrary,9913,Bos_taurus,,,Joint,CUB37DAY0,F9,F,9,FALSE,1,Day0,
1,CUB37DAY0G1,R0882-S0001_A68701,,CGATCAGT,,ATAGAGAG,PIP-2990,Illuminapremadelibrary,9913,Bos_taurus,,,Joint,CUB37DAY0,G1,G,1,FALSE,1,Day0,
1,CUB37DAY0G10,R0882-S0001_A68701,,TGCAGCTA,,AGAGGATA,PIP-2990,Illuminapremadelibrary,9913,Bos_taurus,,,Joint,CUB37DAY0,G10,G,10,FALSE,1,Day0,
1,CUB37DAY0G11,R0882-S0001_A68701,,TGCAGCTA,,CTCCTTAC,PIP-2990,Illuminapremadelibrary,9913,Bos_taurus,,,Joint,CUB37DAY0,G11,G,11,FALSE,1,Day0,
1,CUB37DAY0G12,R0882-S0001_A68701,,TGCAGCTA,,TATGCAGT,PIP-2990,Illuminapremadelibrary,9913,Bos_taurus,,,Joint,CUB37DAY0,G12,G,12,FALSE,1,Day0,
1,CUB37DAY0G2,R0882-S0001_A68701,,CGATCAGT,,AGAGGATA,PIP-2990,Illuminapremadelibrary,9913,Bos_taurus,,,Joint,CUB37DAY0,G2,G,2,FALSE,1,Day0,
1,CUB37DAY0G4,R0882-S0001_A68701,,CGATCAGT,,TATGCAGT,PIP-2990,Illuminapremadelibrary,9913,Bos_taurus,,,Joint,CUB37DAY0,G4,G,4,FALSE,1,Day0,
1,CUB37DAY0G5,R0882-S0001_A68701,,CGATCAGT,,TACTCCTT,PIP-2990,Illuminapremadelibrary,9913,Bos_taurus,,,Joint,CUB37DAY0,G5,G,5,FALSE,1,Day0,
1,CUB37DAY0G6,R0882-S0001_A68701,,CGATCAGT,,AGGCTTAG,PIP-2990,Illuminapremadelibrary,9913,Bos_taurus,,,Joint,CUB37DAY0,G6,G,6,FALSE,1,Day0,
1,CUB37DAY0G7,R0882-S0001_A68701,,CGATCAGT,,ATTAGACG,PIP-2990,Illuminapremadelibrary,9913,Bos_taurus,,,Joint,CUB37DAY0,G7,G,7,FALSE,1,Day0,
1,CUB37DAY0G8,R0882-S0001_A68701,,CGATCAGT,,CGGAGAGA,PIP-2990,Illuminapremadelibrary,9913,Bos_taurus,,,Joint,CUB37DAY0,G8,G,8,FALSE,1,Day0,
1,CUB37DAY0G9,R0882-S0001_A68701,,TGCAGCTA,,ATAGAGAG,PIP-2990,Illuminapremadelibrary,9913,Bos_taurus,,,Joint,CUB37DAY0,G9,G,9,TRUE,50,Day0,
1,CUB37DAY0H1,R0882-S0001_A68701,,TGCAGCTA,,TACTCCTT,PIP-2990,Illuminapremadelibrary,9913,Bos_taurus,,,Joint,CUB37DAY0,H1,H,1,FALSE,1,Day0,
1,CUB37DAY0H10,R0882-S0001_A68701,,TCGACGTC,,AGGCTTAG,PIP-2990,Illuminapremadelibrary,9913,Bos_taurus,,,Joint,CUB37DAY0,H10,H,10,FALSE,1,Day0,
1,CUB37DAY0H11,R0882-S0001_A68701,,TCGACGTC,,ATTAGACG,PIP-2990,Illuminapremadelibrary,9913,Bos_taurus,,,Joint,CUB37DAY0,H11,H,11,FALSE,1,Day0,
1,CUB37DAY0H12,R0882-S0001_A68701,,TCGACGTC,,CGGAGAGA,PIP-2990,Illuminapremadelibrary,9913,Bos_taurus,,,Joint,CUB37DAY0,H12,H,12,FALSE,1,Day0,
1,CUB37DAY0H2,R0882-S0001_A68701,,TGCAGCTA,,AGGCTTAG,PIP-2990,Illuminapremadelibrary,9913,Bos_taurus,,,Joint,CUB37DAY0,H2,H,2,FALSE,1,Day0,
1,CUB37DAY0H3,R0882-S0001_A68701,,TGCAGCTA,,ATTAGACG,PIP-2990,Illuminapremadelibrary,9913,Bos_taurus,,,Joint,CUB37DAY0,H3,H,3,FALSE,1,Day0,
1,CUB37DAY0H4,R0882-S0001_A68701,,TGCAGCTA,,CGGAGAGA,PIP-2990,Illuminapremadelibrary,9913,Bos_taurus,,,Joint,CUB37DAY0,H4,H,4,FALSE,1,Day0,
1,CUB37DAY0H5,R0882-S0001_A68701,,TCGACGTC,,ATAGAGAG,PIP-2990,Illuminapremadelibrary,9913,Bos_taurus,,,Joint,CUB37DAY0,H5,H,5,FALSE,1,Day0,
1,CUB37DAY0H6,R0882-S0001_A68701,,TCGACGTC,,AGAGGATA,PIP-2990,Illuminapremadelibrary,9913,Bos_taurus,,,Joint,CUB37DAY0,H6,H,6,FALSE,1,Day0,
1,CUB37DAY0H7,R0882-S0001_A68701,,TCGACGTC,,CTCCTTAC,PIP-2990,Illuminapremadelibrary,9913,Bos_taurus,,,Joint,CUB37DAY0,H7,H,7,FALSE,1,Day0,
1,CUB37DAY0H8,R0882-S0001_A68701,,TCGACGTC,,TATGCAGT,PIP-2990,Illuminapremadelibrary,9913,Bos_taurus,,,Joint,CUB37DAY0,H8,H,8,FALSE,1,Day0,
1,CUB37DAY0H9,R0882-S0001_A68701,,TCGACGTC,,TACTCCTT,PIP-2990,Illuminapremadelibrary,9913,Bos_taurus,,,Joint,CUB37DAY0,H9,H,9,FALSE,1,Day0,
1,CUB37DAY7A1,R0882-S0001_A68701,,ACTCGCTA,,CTAGTCGA,PIP-2990,Illuminapremadelibrary,9913,Bos_taurus,,,Joint,CUB37DAY7,A1,A,1,FALSE,1,Day7,
1,CUB37DAY7A10,R0882-S0001_A68701,,GGAGCTAC,,AGCTAGAA,PIP-2990,Illuminapremadelibrary,9913,Bos_taurus,,,Joint,CUB37DAY7,A10,A,10,FALSE,1,Day7,
1,CUB37DAY7A11,R0882-S0001_A68701,,GGAGCTAC,,ACTCTAGG,PIP-2990,Illuminapremadelibrary,9913,Bos_taurus,,,Joint,CUB37DAY7,A11,A,11,FALSE,1,Day7,
1,CUB37DAY7A12,R0882-S0001_A68701,,GGAGCTAC,,TCTTACGC,PIP-2990,Illuminapremadelibrary,9913,Bos_taurus,,,Joint,CUB37DAY7,A12,A,12,FALSE,1,Day7,
1,CUB37DAY7A2,R0882-S0001_A68701,,ACTCGCTA,,AGCTAGAA,PIP-2990,Illuminapremadelibrary,9913,Bos_taurus,,,Joint,CUB37DAY7,A2,A,2,FALSE,1,Day7,
1,CUB37DAY7A3,R0882-S0001_A68701,,ACTCGCTA,,ACTCTAGG,PIP-2990,Illuminapremadelibrary,9913,Bos_taurus,,,Joint,CUB37DAY7,A3,A,3,TRUE,50,Day7,
1,CUB37DAY7A4,R0882-S0001_A68701,,ACTCGCTA,,TCTTACGC,PIP-2990,Illuminapremadelibrary,9913,Bos_taurus,,,Joint,CUB37DAY7,A4,A,4,FALSE,1,Day7,
1,CUB37DAY7A5,R0882-S0001_A68701,,ACTCGCTA,,CTTAATAG,PIP-2990,Illuminapremadelibrary,9913,Bos_taurus,,,Joint,CUB37DAY7,A5,A,5,FALSE,1,Day7,
1,CUB37DAY7A6,R0882-S0001_A68701,,ACTCGCTA,,ATAGCCTT,PIP-2990,Illuminapremadelibrary,9913,Bos_taurus,,,Joint,CUB37DAY7,A6,A,6,FALSE,1,Day7,
1,CUB37DAY7A7,R0882-S0001_A68701,,ACTCGCTA,,TAAGGCTC,PIP-2990,Illuminapremadelibrary,9913,Bos_taurus,,,Joint,CUB37DAY7,A7,A,7,FALSE,1,Day7,
1,CUB37DAY7A8,R0882-S0001_A68701,,ACTCGCTA,,TCGCATAA,PIP-2990,Illuminapremadelibrary,9913,Bos_taurus,,,Joint,CUB37DAY7,A8,A,8,FALSE,1,Day7,
1,CUB37DAY7A9,R0882-S0001_A68701,,GGAGCTAC,,CTAGTCGA,PIP-2990,Illuminapremadelibrary,9913,Bos_taurus,,,Joint,CUB37DAY7,A9,A,9,FALSE,1,Day7,
1,CUB37DAY7B1,R0882-S0001_A68701,,GGAGCTAC,,CTTAATAG,PIP-2990,Illuminapremadelibrary,9913,Bos_taurus,,,Joint,CUB37DAY7,B1,B,1,FALSE,1,Day7,
1,CUB37DAY7B10,R0882-S0001_A68701,,GCGTAGTA,,ATAGCCTT,PIP-2990,Illuminapremadelibrary,9913,Bos_taurus,,,Joint,CUB37DAY7,B10,B,10,FALSE,1,Day7,
1,CUB37DAY7B11,R0882-S0001_A68701,,GCGTAGTA,,TAAGGCTC,PIP-2990,Illuminapremadelibrary,9913,Bos_taurus,,,Joint,CUB37DAY7,B11,B,11,FALSE,1,Day7,
1,CUB37DAY7B12,R0882-S0001_A68701,,GCGTAGTA,,TCGCATAA,PIP-2990,Illuminapremadelibrary,9913,Bos_taurus,,,Joint,CUB37DAY7,B12,B,12,FALSE,1,Day7,
1,CUB37DAY7B2,R0882-S0001_A68701,,GGAGCTAC,,ATAGCCTT,PIP-2990,Illuminapremadelibrary,9913,Bos_taurus,,,Joint,CUB37DAY7,B2,B,2,FALSE,1,Day7,
1,CUB37DAY7B3,R0882-S0001_A68701,,GGAGCTAC,,TAAGGCTC,PIP-2990,Illuminapremadelibrary,9913,Bos_taurus,,,Joint,CUB37DAY7,B3,B,3,FALSE,1,Day7,
1,CUB37DAY7B4,R0882-S0001_A68701,,GGAGCTAC,,TCGCATAA,PIP-2990,Illuminapremadelibrary,9913,Bos_taurus,,,Joint,CUB37DAY7,B4,B,4,FALSE,1,Day7,
1,CUB37DAY7B5,R0882-S0001_A68701,,GCGTAGTA,,CTAGTCGA,PIP-2990,Illuminapremadelibrary,9913,Bos_taurus,,,Joint,CUB37DAY7,B5,B,5,FALSE,1,Day7,
1,CUB37DAY7B6,R0882-S0001_A68701,,GCGTAGTA,,AGCTAGAA,PIP-2990,Illuminapremadelibrary,9913,Bos_taurus,,,Joint,CUB37DAY7,B6,B,6,FALSE,1,Day7,
1,CUB37DAY7B7,R0882-S0001_A68701,,GCGTAGTA,,ACTCTAGG,PIP-2990,Illuminapremadelibrary,9913,Bos_taurus,,,Joint,CUB37DAY7,B7,B,7,FALSE,1,Day7,
1,CUB37DAY7B8,R0882-S0001_A68701,,GCGTAGTA,,TCTTACGC,PIP-2990,Illuminapremadelibrary,9913,Bos_taurus,,,Joint,CUB37DAY7,B8,B,8,FALSE,1,Day7,
1,CUB37DAY7B9,R0882-S0001_A68701,,GCGTAGTA,,CTTAATAG,PIP-2990,Illuminapremadelibrary,9913,Bos_taurus,,,Joint,CUB37DAY7,B9,B,9,FALSE,1,Day7,
1,CUB37DAY7C1,R0882-S0001_A68701,,CGGAGCCT,,CTAGTCGA,PIP-2990,Illuminapremadelibrary,9913,Bos_taurus,,,Joint,CUB37DAY7,C1,C,1,FALSE,1,Day7,
1,CUB37DAY7C10,R0882-S0001_A68701,,TACGCTGC,,AGCTAGAA,PIP-2990,Illuminapremadelibrary,9913,Bos_taurus,,,Joint,CUB37DAY7,C10,C,10,FALSE,1,Day7,
1,CUB37DAY7C11,R0882-S0001_A68701,,TACGCTGC,,ACTCTAGG,PIP-2990,Illuminapremadelibrary,9913,Bos_taurus,,,Joint,CUB37DAY7,C11,C,11,FALSE,1,Day7,
1,CUB37DAY7C12,R0882-S0001_A68701,,TACGCTGC,,TCTTACGC,PIP-2990,Illuminapremadelibrary,9913,Bos_taurus,,,Joint,CUB37DAY7,C12,C,12,FALSE,1,Day7,
1,CUB37DAY7C2,R0882-S0001_A68701,,CGGAGCCT,,AGCTAGAA,PIP-2990,Illuminapremadelibrary,9913,Bos_taurus,,,Joint,CUB37DAY7,C2,C,2,FALSE,1,Day7,
1,CUB37DAY7C3,R0882-S0001_A68701,,CGGAGCCT,,ACTCTAGG,PIP-2990,Illuminapremadelibrary,9913,Bos_taurus,,,Joint,CUB37DAY7,C3,C,3,FALSE,1,Day7,
1,CUB37DAY7C4,R0882-S0001_A68701,,CGGAGCCT,,TCTTACGC,PIP-2990,Illuminapremadelibrary,9913,Bos_taurus,,,Joint,CUB37DAY7,C4,C,4,FALSE,1,Day7,
1,CUB37DAY7C5,R0882-S0001_A68701,,CGGAGCCT,,CTTAATAG,PIP-2990,Illuminapremadelibrary,9913,Bos_taurus,,,Joint,CUB37DAY7,C5,C,5,FALSE,1,Day7,
1,CUB37DAY7C6,R0882-S0001_A68701,,CGGAGCCT,,ATAGCCTT,PIP-2990,Illuminapremadelibrary,9913,Bos_taurus,,,Joint,CUB37DAY7,C6,C,6,FALSE,1,Day7,
1,CUB37DAY7C7,R0882-S0001_A68701,,CGGAGCCT,,TAAGGCTC,PIP-2990,Illuminapremadelibrary,9913,Bos_taurus,,,Joint,CUB37DAY7,C7,C,7,FALSE,1,Day7,
1,CUB37DAY7C8,R0882-S0001_A68701,,CGGAGCCT,,TCGCATAA,PIP-2990,Illuminapremadelibrary,9913,Bos_taurus,,,Joint,CUB37DAY7,C8,C,8,FALSE,1,Day7,
1,CUB37DAY7C9,R0882-S0001_A68701,,TACGCTGC,,CTAGTCGA,PIP-2990,Illuminapremadelibrary,9913,Bos_taurus,,,Joint,CUB37DAY7,C9,C,9,FALSE,1,Day7,
1,CUB37DAY7D1,R0882-S0001_A68701,,TACGCTGC,,CTTAATAG,PIP-2990,Illuminapremadelibrary,9913,Bos_taurus,,,Joint,CUB37DAY7,D1,D,1,FALSE,1,Day7,
1,CUB37DAY7D10,R0882-S0001_A68701,,ATGCGCAG,,ATAGCCTT,PIP-2990,Illuminapremadelibrary,9913,Bos_taurus,,,Joint,CUB37DAY7,D10,D,10,FALSE,1,Day7,
1,CUB37DAY7D11,R0882-S0001_A68701,,ATGCGCAG,,TAAGGCTC,PIP-2990,Illuminapremadelibrary,9913,Bos_taurus,,,Joint,CUB37DAY7,D11,D,11,FALSE,1,Day7,
1,CUB37DAY7D12,R0882-S0001_A68701,,ATGCGCAG,,TCGCATAA,PIP-2990,Illuminapremadelibrary,9913,Bos_taurus,,,Joint,CUB37DAY7,D12,D,12,FALSE,1,Day7,
1,CUB37DAY7D2,R0882-S0001_A68701,,TACGCTGC,,ATAGCCTT,PIP-2990,Illuminapremadelibrary,9913,Bos_taurus,,,Joint,CUB37DAY7,D2,D,2,FALSE,1,Day7,
1,CUB37DAY7D3,R0882-S0001_A68701,,TACGCTGC,,TAAGGCTC,PIP-2990,Illuminapremadelibrary,9913,Bos_taurus,,,Joint,CUB37DAY7,D3,D,3,FALSE,1,Day7,
1,CUB37DAY7D4,R0882-S0001_A68701,,TACGCTGC,,TCGCATAA,PIP-2990,Illuminapremadelibrary,9913,Bos_taurus,,,Joint,CUB37DAY7,D4,D,4,FALSE,1,Day7,
1,CUB37DAY7D5,R0882-S0001_A68701,,ATGCGCAG,,CTAGTCGA,PIP-2990,Illuminapremadelibrary,9913,Bos_taurus,,,Joint,CUB37DAY7,D5,D,5,FALSE,1,Day7,
1,CUB37DAY7D6,R0882-S0001_A68701,,ATGCGCAG,,AGCTAGAA,PIP-2990,Illuminapremadelibrary,9913,Bos_taurus,,,Joint,CUB37DAY7,D6,D,6,FALSE,1,Day7,
1,CUB37DAY7D7,R0882-S0001_A68701,,ATGCGCAG,,ACTCTAGG,PIP-2990,Illuminapremadelibrary,9913,Bos_taurus,,,Joint,CUB37DAY7,D7,D,7,FALSE,1,Day7,
1,CUB37DAY7D8,R0882-S0001_A68701,,ATGCGCAG,,TCTTACGC,PIP-2990,Illuminapremadelibrary,9913,Bos_taurus,,,Joint,CUB37DAY7,D8,D,8,FALSE,1,Day7,
1,CUB37DAY7D9,R0882-S0001_A68701,,ATGCGCAG,,CTTAATAG,PIP-2990,Illuminapremadelibrary,9913,Bos_taurus,,,Joint,CUB37DAY7,D9,D,9,FALSE,1,Day7,
1,CUB37DAY7E1,R0882-S0001_A68701,,TAGCGCTC,,CTAGTCGA,PIP-2990,Illuminapremadelibrary,9913,Bos_taurus,,,Joint,CUB37DAY7,E1,E,1,FALSE,1,Day7,
1,CUB37DAY7E10,R0882-S0001_A68701,,ACTGAGCG,,AGCTAGAA,PIP-2990,Illuminapremadelibrary,9913,Bos_taurus,,,Joint,CUB37DAY7,E10,E,10,FALSE,1,Day7,
1,CUB37DAY7E11,R0882-S0001_A68701,,ACTGAGCG,,ACTCTAGG,PIP-2990,Illuminapremadelibrary,9913,Bos_taurus,,,Joint,CUB37DAY7,E11,E,11,FALSE,1,Day7,
1,CUB37DAY7E12,R0882-S0001_A68701,,ACTGAGCG,,TCTTACGC,PIP-2990,Illuminapremadelibrary,9913,Bos_taurus,,,Joint,CUB37DAY7,E12,E,12,FALSE,1,Day7,
1,CUB37DAY7E2,R0882-S0001_A68701,,TAGCGCTC,,AGCTAGAA,PIP-2990,Illuminapremadelibrary,9913,Bos_taurus,,,Joint,CUB37DAY7,E2,E,2,FALSE,1,Day7,
1,CUB37DAY7E3,R0882-S0001_A68701,,TAGCGCTC,,ACTCTAGG,PIP-2990,Illuminapremadelibrary,9913,Bos_taurus,,,Joint,CUB37DAY7,E3,E,3,FALSE,1,Day7,
1,CUB37DAY7E4,R0882-S0001_A68701,,TAGCGCTC,,TCTTACGC,PIP-2990,Illuminapremadelibrary,9913,Bos_taurus,,,Joint,CUB37DAY7,E4,E,4,FALSE,1,Day7,
1,CUB37DAY7E5,R0882-S0001_A68701,,TAGCGCTC,,CTTAATAG,PIP-2990,Illuminapremadelibrary,9913,Bos_taurus,,,Joint,CUB37DAY7,E5,E,5,FALSE,1,Day7,
1,CUB37DAY7E6,R0882-S0001_A68701,,TAGCGCTC,,ATAGCCTT,PIP-2990,Illuminapremadelibrary,9913,Bos_taurus,,,Joint,CUB37DAY7,E6,E,6,FALSE,1,Day7,
1,CUB37DAY7E7,R0882-S0001_A68701,,TAGCGCTC,,TAAGGCTC,PIP-2990,Illuminapremadelibrary,9913,Bos_taurus,,,Joint,CUB37DAY7,E7,E,7,FALSE,1,Day7,
1,CUB37DAY7E8,R0882-S0001_A68701,,TAGCGCTC,,TCGCATAA,PIP-2990,Illuminapremadelibrary,9913,Bos_taurus,,,Joint,CUB37DAY7,E8,E,8,FALSE,1,Day7,
1,CUB37DAY7E9,R0882-S0001_A68701,,ACTGAGCG,,CTAGTCGA,PIP-2990,Illuminapremadelibrary,9913,Bos_taurus,,,Joint,CUB37DAY7,E9,E,9,FALSE,1,Day7,
1,CUB37DAY7F1,R0882-S0001_A68701,,ACTGAGCG,,CTTAATAG,PIP-2990,Illuminapremadelibrary,9913,Bos_taurus,,,Joint,CUB37DAY7,F1,F,1,FALSE,1,Day7,
1,CUB37DAY7F10,R0882-S0001_A68701,,CCTAAGAC,,ATAGCCTT,PIP-2990,Illuminapremadelibrary,9913,Bos_taurus,,,Joint,CUB37DAY7,F10,F,10,FALSE,1,Day7,
1,CUB37DAY7F11,R0882-S0001_A68701,,CCTAAGAC,,TAAGGCTC,PIP-2990,Illuminapremadelibrary,9913,Bos_taurus,,,Joint,CUB37DAY7,F11,F,11,FALSE,1,Day7,
1,CUB37DAY7F12,R0882-S0001_A68701,,CCTAAGAC,,TCGCATAA,PIP-2990,Illuminapremadelibrary,9913,Bos_taurus,,,Joint,CUB37DAY7,F12,F,12,FALSE,1,Day7,
1,CUB37DAY7F2,R0882-S0001_A68701,,ACTGAGCG,,ATAGCCTT,PIP-2990,Illuminapremadelibrary,9913,Bos_taurus,,,Joint,CUB37DAY7,F2,F,2,FALSE,1,Day7,
1,CUB37DAY7F3,R0882-S0001_A68701,,ACTGAGCG,,TAAGGCTC,PIP-2990,Illuminapremadelibrary,9913,Bos_taurus,,,Joint,CUB37DAY7,F3,F,3,FALSE,1,Day7,
1,CUB37DAY7F4,R0882-S0001_A68701,,ACTGAGCG,,TCGCATAA,PIP-2990,Illuminapremadelibrary,9913,Bos_taurus,,,Joint,CUB37DAY7,F4,F,4,FALSE,1,Day7,
1,CUB37DAY7F5,R0882-S0001_A68701,,CCTAAGAC,,CTAGTCGA,PIP-2990,Illuminapremadelibrary,9913,Bos_taurus,,,Joint,CUB37DAY7,F5,F,5,FALSE,1,Day7,
1,CUB37DAY7F6,R0882-S0001_A68701,,CCTAAGAC,,AGCTAGAA,PIP-2990,Illuminapremadelibrary,9913,Bos_taurus,,,Joint,CUB37DAY7,F6,F,6,FALSE,1,Day7,
1,CUB37DAY7F7,R0882-S0001_A68701,,CCTAAGAC,,ACTCTAGG,PIP-2990,Illuminapremadelibrary,9913,Bos_taurus,,,Joint,CUB37DAY7,F7,F,7,FALSE,1,Day7,
1,CUB37DAY7F8,R0882-S0001_A68701,,CCTAAGAC,,TCTTACGC,PIP-2990,Illuminapremadelibrary,9913,Bos_taurus,,,Joint,CUB37DAY7,F8,F,8,FALSE,1,Day7,
1,CUB37DAY7F9,R0882-S0001_A68701,,CCTAAGAC,,CTTAATAG,PIP-2990,Illuminapremadelibrary,9913,Bos_taurus,,,Joint,CUB37DAY7,F9,F,9,FALSE,1,Day7,
1,CUB37DAY7G1,R0882-S0001_A68701,,CGATCAGT,,CTAGTCGA,PIP-2990,Illuminapremadelibrary,9913,Bos_taurus,,,Joint,CUB37DAY7,G1,G,1,FALSE,1,Day7,
1,CUB37DAY7G10,R0882-S0001_A68701,,TGCAGCTA,,AGCTAGAA,PIP-2990,Illuminapremadelibrary,9913,Bos_taurus,,,Joint,CUB37DAY7,G10,G,10,FALSE,1,Day7,
1,CUB37DAY7G11,R0882-S0001_A68701,,TGCAGCTA,,ACTCTAGG,PIP-2990,Illuminapremadelibrary,9913,Bos_taurus,,,Joint,CUB37DAY7,G11,G,11,FALSE,1,Day7,
1,CUB37DAY7G12,R0882-S0001_A68701,,TGCAGCTA,,TCTTACGC,PIP-2990,Illuminapremadelibrary,9913,Bos_taurus,,,Joint,CUB37DAY7,G12,G,12,FALSE,1,Day7,
1,CUB37DAY7G2,R0882-S0001_A68701,,CGATCAGT,,AGCTAGAA,PIP-2990,Illuminapremadelibrary,9913,Bos_taurus,,,Joint,CUB37DAY7,G2,G,2,FALSE,1,Day7,
1,CUB37DAY7G3,R0882-S0001_A68701,,CGATCAGT,,ACTCTAGG,PIP-2990,Illuminapremadelibrary,9913,Bos_taurus,,,Joint,CUB37DAY7,G3,G,3,FALSE,1,Day7,
1,CUB37DAY7G4,R0882-S0001_A68701,,CGATCAGT,,TCTTACGC,PIP-2990,Illuminapremadelibrary,9913,Bos_taurus,,,Joint,CUB37DAY7,G4,G,4,FALSE,1,Day7,
1,CUB37DAY7G5,R0882-S0001_A68701,,CGATCAGT,,CTTAATAG,PIP-2990,Illuminapremadelibrary,9913,Bos_taurus,,,Joint,CUB37DAY7,G5,G,5,FALSE,1,Day7,
1,CUB37DAY7G6,R0882-S0001_A68701,,CGATCAGT,,ATAGCCTT,PIP-2990,Illuminapremadelibrary,9913,Bos_taurus,,,Joint,CUB37DAY7,G6,G,6,FALSE,1,Day7,
1,CUB37DAY7G7,R0882-S0001_A68701,,CGATCAGT,,TAAGGCTC,PIP-2990,Illuminapremadelibrary,9913,Bos_taurus,,,Joint,CUB37DAY7,G7,G,7,FALSE,1,Day7,
1,CUB37DAY7G8,R0882-S0001_A68701,,CGATCAGT,,TCGCATAA,PIP-2990,Illuminapremadelibrary,9913,Bos_taurus,,,Joint,CUB37DAY7,G8,G,8,FALSE,1,Day7,
1,CUB37DAY7G9,R0882-S0001_A68701,,TGCAGCTA,,CTAGTCGA,PIP-2990,Illuminapremadelibrary,9913,Bos_taurus,,,Joint,CUB37DAY7,G9,G,9,TRUE,50,Day7,
1,CUB37DAY7H1,R0882-S0001_A68701,,TGCAGCTA,,CTTAATAG,PIP-2990,Illuminapremadelibrary,9913,Bos_taurus,,,Joint,CUB37DAY7,H1,H,1,FALSE,1,Day7,
1,CUB37DAY7H10,R0882-S0001_A68701,,TCGACGTC,,ATAGCCTT,PIP-2990,Illuminapremadelibrary,9913,Bos_taurus,,,Joint,CUB37DAY7,H10,H,10,FALSE,1,Day7,
1,CUB37DAY7H11,R0882-S0001_A68701,,TCGACGTC,,TAAGGCTC,PIP-2990,Illuminapremadelibrary,9913,Bos_taurus,,,Joint,CUB37DAY7,H11,H,11,FALSE,1,Day7,
1,CUB37DAY7H12,R0882-S0001_A68701,,TCGACGTC,,TCGCATAA,PIP-2990,Illuminapremadelibrary,9913,Bos_taurus,,,Joint,CUB37DAY7,H12,H,12,FALSE,1,Day7,
1,CUB37DAY7H2,R0882-S0001_A68701,,TGCAGCTA,,ATAGCCTT,PIP-2990,Illuminapremadelibrary,9913,Bos_taurus,,,Joint,CUB37DAY7,H2,H,2,FALSE,1,Day7,
1,CUB37DAY7H3,R0882-S0001_A68701,,TGCAGCTA,,TAAGGCTC,PIP-2990,Illuminapremadelibrary,9913,Bos_taurus,,,Joint,CUB37DAY7,H3,H,3,FALSE,1,Day7,
1,CUB37DAY7H4,R0882-S0001_A68701,,TGCAGCTA,,TCGCATAA,PIP-2990,Illuminapremadelibrary,9913,Bos_taurus,,,Joint,CUB37DAY7,H4,H,4,FALSE,1,Day7,
1,CUB37DAY7H5,R0882-S0001_A68701,,TCGACGTC,,CTAGTCGA,PIP-2990,Illuminapremadelibrary,9913,Bos_taurus,,,Joint,CUB37DAY7,H5,H,5,FALSE,1,Day7,
1,CUB37DAY7H6,R0882-S0001_A68701,,TCGACGTC,,AGCTAGAA,PIP-2990,Illuminapremadelibrary,9913,Bos_taurus,,,Joint,CUB37DAY7,H6,H,6,FALSE,1,Day7,
1,CUB37DAY7H7,R0882-S0001_A68701,,TCGACGTC,,ACTCTAGG,PIP-2990,Illuminapremadelibrary,9913,Bos_taurus,,,Joint,CUB37DAY7,H7,H,7,FALSE,1,Day7,
1,CUB37DAY7H8,R0882-S0001_A68701,,TCGACGTC,,TCTTACGC,PIP-2990,Illuminapremadelibrary,9913,Bos_taurus,,,Joint,CUB37DAY7,H8,H,8,FALSE,1,Day7,
1,CUB37DAY7H9,R0882-S0001_A68701,,TCGACGTC,,CTTAATAG,PIP-2990,Illuminapremadelibrary,9913,Bos_taurus,,,Joint,CUB37DAY7,H9,H,9,FALSE,1,Day7,